{
    "CTCF_facestall": {
        "A": 1.0
    },
    "CTCF_backstall": {
        "A": 0
    },
    "CTCF_on_rate": {
        "A": 0.0233
    },
    "CTCF_off_rate": {
        "A": 0.01
    },
    "LEF_on_rate": {
        "A": 0.001113225211532279
    },
    "LEF_off_rate": {
        "A": 0.007560658122617343
    },
    "LEF_stalled_off_rate": {
        "A": 0.007560658122617343
    },
    "LEF_diffusion_rate": {
        "A": 0
    },
    "LEF_pause": {
        "A": 0
    },
    "LEF_states": {
        "RN": 1,
        "RB": 2,
        "RP": 3,
        "RW": 4
    },
    "LEF_transition_rates": {
        "21": {
            "A": 0.005961955922442873
        },
        "23": {
            "A": 0.007856498023623083
        },
        "12": {
            "A": 0.013888888888888888
        },
        "32": {
            "A": 0.0324348013096395
        },
        "34": {
            "A": 0.055040032875259874
        },
        "43": {
            "A": 0.01466156409960488
        }
    },
    "LEF_separation": 41,
    "mode": "symmetric",
    "sites_per_monomer": 1,
    "monomers_per_replica": 32000,
    "num_of_sisters": 776,
    "sister_lifetime": 1989857,
    "sister_damping": 10,
    "number_of_replica": 1,
    "steps": 65000,
    "dummy_steps": 0,
    "velocity_multiplier": 0.8,
    "collision_release_prob": 1.438449888287663e-05
}