{
    "CTCF_facestall": {
        "A": 1.0
    },
    "CTCF_backstall": {
        "A": 0
    },
    "CTCF_on_rate": {
        "A": 0.0233
    },
    "CTCF_off_rate": {
        "A": 0.01
    },
    "LEF_on_rate": {
        "A": 0.0007882077169991583
    },
    "LEF_off_rate": {
        "A": 0.0077659568918644435
    },
    "LEF_stalled_off_rate": {
        "A": 0.0077659568918644435
    },
    "LEF_diffusion_rate": {
        "A": 0
    },
    "LEF_pause": {
        "A": 0
    },
    "LEF_states": {
        "RN": 1,
        "RB": 2,
        "RP": 3,
        "RW": 4
    },
    "LEF_transition_rates": {
        "21": {
            "A": 0.013077164474069881
        },
        "23": {
            "A": 0.014148687875145128
        },
        "12": {
            "A": 0.013888888888888888
        },
        "32": {
            "A": 0.0316463630820422
        },
        "34": {
            "A": 0.0003073205085247145
        },
        "43": {
            "A": 0.014456265330357779
        }
    },
    "LEF_separation": 41,
    "mode": "symmetric",
    "sites_per_monomer": 1,
    "monomers_per_replica": 32000,
    "num_of_sisters": 926,
    "sister_lifetime": 10015839,
    "sister_damping": 38,
    "number_of_replica": 1,
    "steps": 65000,
    "dummy_steps": 0,
    "velocity_multiplier": 0.8
}