{
    "CTCF_facestall": {
        "A": 1.0
    },
    "CTCF_backstall": {
        "A": 0
    },
    "CTCF_on_rate": {
        "A": 0.1
    },
    "CTCF_off_rate": {
        "A": 0.001
    },
    "LEF_on_rate": {
        "A": 0.2392723813772812
    },
    "LEF_off_rate": {
        "A": 0.0756065812261696
    },
    "LEF_stalled_off_rate": {
        "A": 0.0756065812261696
    },
    "LEF_diffusion_rate": {
        "A": 0
    },
    "LEF_pause": {
        "A": 0
    },
    "LEF_states": {
        "RN": 1,
        "RB": 2,
        "RP": 3,
        "RW": 4
    },
    "LEF_transition_rates": {
        "21": {
            "A": 0.00210326000808469
        },
        "23": {
            "A": 0.00993951536990693
        },
        "12": {
            "A": 0.0138888888888889
        },
        "32": {
            "A": 0.0324348013096406
        },
        "34": {
            "A": 0.0872745142233175
        },
        "43": {
            "A": 0.0146615640996053
        }
    },
    "LEF_separation": 4,
    "mode": "symmetric",
    "sites_per_monomer": 1,
    "monomers_per_replica": 320,
    "num_of_sisters": 10,
    "number_of_replica": 1,
    "steps": 500,
    "dummy_steps": 0,
    "velocity_multiplier": 20.7730197243920394
}
