{
    "CTCF_facestall": {
        "A": 1.0
    },
    "CTCF_backstall": {
        "A": 0
    },
    "CTCF_on_rate": {
        "A": 0.0233
    },
    "CTCF_off_rate": {
        "A": 0.01
    },
    "LEF_on_rate": {
        "A": 0.00119642849716531
    },
    "LEF_off_rate": {
        "A": 0.00756065812261696
    },
    "LEF_stalled_off_rate": {
        "A": 0.00756065812261696
    },
    "LEF_diffusion_rate": {
        "A": 0
    },
    "LEF_pause": {
        "A": 0
    },
    "LEF_states": {
        "RN": 1,
        "RB": 2,
        "RP": 3,
        "RW": 4
    },
    "LEF_transition_rates": {
        "21": {
            "A": 0.00640755697100759
        },
        "23": {
            "A": 0.00904564298495438
        },
        "12": {
            "A": 0.0138888888888889
        },
        "32": {
            "A": 0.0324348013096406
        },
        "34": {
            "A": 0.00179341340109883
        },
        "43": {
            "A": 0.0146615640996053
        }
    },
    "LEF_separation": 41,
    "mode": "symmetric",
    "sites_per_monomer": 1,
    "monomers_per_replica": 32000,
    "num_of_sisters": 500,
    "sister_lifetime": 28800,
    "sister_damping": 1,
    "steps": 65000,
    "dummy_steps": 0,
    "velocity_multiplier": 0.7730197243920394
}
