{
    "CTCF_facestall": {
        "A": 1.0
    },
    "CTCF_backstall": {
        "A": 0
    },
    "CTCF_on_rate": {
        "A": 0.0233
    },
    "CTCF_off_rate": {
        "A": 0.01
    },
    "LEF_on_rate": {
        "A": 0.00029811685112423486
    },
    "LEF_off_rate": {
        "A": 0.0077659568918644435
    },
    "LEF_stalled_off_rate": {
        "A": 0.0077659568918644435
    },
    "LEF_diffusion_rate": {
        "A": 0
    },
    "LEF_pause": {
        "A": 0
    },
    "LEF_states": {
        "RN": 1,
        "RB": 2,
        "RP": 3,
        "RW": 4
    },
    "LEF_transition_rates": {
        "21": {
            "A": 0.004946060550492666
        },
        "23": {
            "A": 0.013689511482849782
        },
        "12": {
            "A": 0.013888888888888888
        },
        "32": {
            "A": 0.0316463630820422
        },
        "34": {
            "A": 0.08265529744380448
        },
        "43": {
            "A": 0.014456265330357779
        }
    },
    "LEF_separation": 41,
    "mode": "symmetric",
    "sites_per_monomer": 1,
    "monomers_per_replica": 32000,
    "num_of_sisters": 776,
    "sister_lifetime": 100800,
    "sister_damping": 32,
    "number_of_replica": 1,
    "steps": 65000,
    "dummy_steps": 0,
    "velocity_multiplier": 0.8
}